;operation;property_type;place_name;lat;lon;geometry;price;currency;price_aprox_local_currency;price_aprox_usd;surface_total_in_m2;surface_covered_in_m2;price_usd_per_m2;price_per_m2;floor;rooms;expenses;description;precio
51;sell;house;Boedo;-34.636320899999994;-58.4107019;POINT (-58.4107019 -34.63632089999999);550000.0;USD;9704475.0;550000.0;504.0;324.0;1091.2698412698412;1697.5308641975312;;;;Se encuentra dentro del Distrito Tecnológico. Casa antigua en estado impecable refaccionada a nuevo hace 8 años.Todo  con detalles de calidad y muy buen gusto. Amplio living y comedor en L con chimenea.Luminosa. Excelente estado. 3 dormitorios.3 baños completos.Living comerdor.Lavadero. Habitación de huéspedes con toilette.Terraza.Patio y jardin con pileta.  Cochera cubierta. Gran terraza con parrilla y jardín con pileta. En la parte de atrás separada de la casa principal hay una habitación de huéspedes con su baño que se encuentra en el primer piso arriba del lavadero, un baño completo y el vestuario.;550000.0
1858;sell;house;Boedo;-34.63040543;-58.41775513;POINT (-58.41775513 -34.63040543);;;;;47.0;36.0;;;;1.0;;Se trata de un ph en el Barrio de Boedo2 ambientes en planta baja, amplio patio , cocina baño./ Aire acondidionado/ placard /linea de telefono A 1 CUADRA DE AV BOEDO, donde circulan varias lineas de colectivoA pocas cuadras de San Juan y Boedo ( linea E) CONTACTO: /116-804-1122 ;
5657;sell;house;Boedo;-34.6366370398;-58.410887646400006;POINT (-58.41088764640001 -34.6366370398);550000.0;USD;9704475.0;550000.0;;;;;;;;Se encuentra dentro del Distrito Tecnológico. Casa antigua en estado impecable refaccionada a nuevo hace 8 años. Todo  con detalles de calidad y muy buen gusto. Amplio living y comedor en L con chimenea.Gran terraza con parrilla y jardín con pileta. En la parte de atrás separada de la casa principal hay una habitación de huéspedes con su baño que se encuentra en el primer piso arriba del lavadero, un baño completo y el vestuario.;550000.0
16605;sell;house;Boedo;-34.621505;-58.412598;POINT (-58.412598 -34.621505);390000.0;USD;6881355.0;390000.0;;274.0;;1423.3576642335763;;6.0;;Corredor Responsable: Rebeca Stern - C.U.C.I.C.B.A 4824Contacto: Federico Hornos - MLS ID # 420101156-129Excelente casa construida sobre lote propio en el Barrio de Boedo.  Se trata de una casa distribuida en dos plantas, al ingresar a la propiedad tenemos un living comedor que da a la calle. Escritorio con ventana al patio interno, dos dormitorios amplios con placard. Baño completo. Amplia cocina comedor con muebles bajo mesada y alacenas. Cochera cubierta. Patio con parrilla.  Planta alta nos encontramos con la sala de estar, amplio baño completo. Dormitorio de gran dimensión con pisos de parquet y vestidor. Quincho con cocina y salida a terraza al frente.  Buena ubicación a 50 metros de Av. Independencia, medios de transporte Colectivos:7, 23, 32, 41, 53, 56, 75, 84, 88, 96, 97, 101, 115, 126, 127, 128, 129, 160, 165 y 180. Subtes (Metro): Urquiza (Línea E)  Martillero y Corredor Responsable: Rebeca Stern CUCICBA 4824 / Maximiliano Vazquez CSI 5119   Todas las propiedades que figuran en mi perfil se encuentran a cargo del profesional matriculado de la oficina, la intermediación y la conclusión de las operaciones serán llevadas exclusivamente por él. ;390000.0
17392;sell;house;Boedo;-34.620767;-58.4141356;POINT (-58.4141356 -34.620767);800000.0;USD;14115600.0;800000.0;485.0;325.0;1649.4845360824743;2461.538461538461;;;;CODIGO: 735-independecia ubicado en: Independencia 3424 -  Publicado por: MAS PROPIEDADES  . El precio es de USD 800000 null. Independencia al 3400. Chalert en dos plantas sonbre lote de 8,40 x 34,64 ( C3 l FOT 4) 6 ambientes , Jardin al frente y fondo libre.. Garagge. .Living 8,40 x 5,5. Muy luminoso. Toilete de recepción. Dormitorio principal en suite con vestidor. 3 amplios dormitorios con placard. . Gran cocina comedor. Dependencia de servicio. Cuarto de herramientas. Lavadero. Muy buen estado general.  MAS Propiedades  C.U.C.I.C.B.A 1131 . Publicado a través de Mapaprop;800000.0
18013;sell;house;Boedo;-34.6328351;-58.4144969;POINT (-58.4144969 -34.6328351);400000.0;USD;7057800.0;400000.0;258.0;173.0;1550.387596899225;2312.1387283236995;;5.0;;Venta de Duplex  en Boedo, Capital FederalHermosa propiedad, con muy buen diseño, moderna y funcional,  sub suelo: garage 2 autos, lavadero, depedencia y baño servicio,  planta baja: gran living comedor, cocina comedor diario, patio jardin, toilette recepcion, 1er piso: 3 dormitorios uno en suite, baño completo.Se deja constancia que los m2 son aproximados, al igual que las medidas parciales de los ambientes, y el valor consignado de las expensas mensuales esta sujeto a verificacion y/o ajustes, el precio del inmueble puede ser modificado sin previo aviso. Fotos de caracter no contractual. Las unidades publicadas estan sujetas a disponibilidad. Goldstein Propiedades srl actua solamente en carácter de comercializadora de los inmuebles ofrecidos.GOLDSTEIN PROPIEDADES SRLAvda. Corrientes 4666Buenos Aires,  -  - GOLDSTEIN PROPIEDADES SRL;400000.0
18524;sell;house;Boedo;-34.6223456;-58.4229163;POINT (-58.4229163 -34.6223456);300000.0;USD;5293350.0;300000.0;330.0;70.0;909.0909090909092;4285.714285714285;;;;casa terreno de 8,66x30 tiene garage, living comedor, 2 habitaciones, cocina comedor, baño, patio y al fondo estructura precaria y terrazita para reciclar gran potencial.;300000.0
19382;sell;house;Boedo;-34.6293;-58.418649;POINT (-58.418649 -34.6293);1200000.0;USD;21173400.0;1200000.0;;600.0;;2000.0;;8.0;;Corredor Responsable: Rebeca Stern - C.U.C.I.C.B.A 4824Contacto: Pedro Kabadaian - MLS ID # 420101116-261Se trata de una importante casa sobre lote doble frente de 16,9 m de Planta medio subsuelo. Cochera para cinco autos. Amplia habitación de 6 x 6 metros. Baño y habitación de servicio.  Planta baja: Living y comedor separado, con pisos de roble de eslavonia. Cocina comedor diario, tres dormitorios y dos baños. Galería, al fondo quincho, más cuarto y baño. Gran jardín y piscina.  Primer piso: Amplio playroom, dos dormitorios y baño completo.  Nota: superficie total por escritura de 625,57 m2  Martillero y Corredor Responsable: Rebeca Stern CUCICBA 4824 / Maximiliano Vazquez CSI 5119  Todas las propiedades que figuran en mi perfil se encuentran a cargo del profesional matriculado de la oficina, la intermediación y la conclusión de las operaciones serán llevadas exclusivamente por él. ;1200000.0
20199;sell;house;Boedo;-34.636138;-58.416728000000006;POINT (-58.41672800000001 -34.636138);290000.0;USD;5116905.0;290000.0;;20.0;;14500.0;;4.0;;Corredor Responsable: Mariano Aufseher - CUCICBA 4251Contacto: Alejandra Lopez - MLS ID # 420251092-39Muy lindo duplex de categoria Al frente cochera semi cubierta Ingreso a living comedor con piso entarugado, AA y calefaccion Toilette Amplia cocina comedor con amoblamiento completo salida a patio con parrilla y gran baulera En primer piso, 1 dormitorio en suite y 2 dormitorios mas. Otro baño completo. Todo piso de parquet. Excelente estado. Listo para mudarse!  ?Los metros ?aqui publicados ?son aproximados. Los reales surgen de la escritura. Esta publicidad respeta lo establecido en el art. 4 y 8? de la? ley 24.240 ;290000.0
23375;sell;house;Boedo;-34.632574;-58.424567;POINT (-58.424567 -34.632574);330000.0;USD;5822685.0;330000.0;;20.0;;16500.0;;;;Corredor Responsable: Hernan Perrone - C.U.C.I.C.B.A 2792Contacto: Marcelo Montes - MLS ID # 151138-51Casa con Garage y Terraza. Lote propio a reciclar. Cuatro ambientes mas dependencia Patio cubierto Quincho Excelente ubicacion a metros de Av La Plata Varios medios de transporte A 500 metros linea de subte E ( estacion Av La Plata);330000.0
24532;sell;house;Boedo;-34.6292035;-58.4118558;POINT (-58.4118558 -34.6292035);245000.0;USD;4322902.5;245000.0;230.0;136.0;1065.2173913043478;1801.470588235294;;;;CODIGO: 2883-839 ubicado en: Sanchez de Loria 1600 -  Publicado por: PALOMBA PROPIEDADES. El precio es de USD 245000 null. Casa 5 ambientes muy comoda y excelente distribucion muy funcional, cocina comedor al frente comunicado con una arcada con el living amplio que tambien da a la calle, baño al lado, patio cubierto con techo de fibra de vidrio, habitacion principal de 4x4,5mts con placard, otra de 3,5x3mts atras habitacion con lugar para vestidor, segundo baño completo, luego subiendo una escalera interna sale a otra habitacion de 4x3mts, y lavadero cubierto,, y terraza de 13x7mts excelente ubicacion a mts de Av Pavon y 3cuadras de Av San Juan  Muy linda casa compacta y funcional . Publicado a través de Mapaprop;245000.0
25192;sell;house;Boedo;-34.634260600000005;-58.4178509;POINT (-58.4178509 -34.6342606);370000.0;USD;6528465.0;370000.0;420.0;270.0;880.952380952381;1370.3703703703704;;5.0;;"Casa 5 ambientes sobre lote 8,66x48mts  con jardin y quincho la casa tiene 45 aos de antiguedad esta en buen estado de conservacion, esta practicamente desarrollada   toda en planta baja,  tiene 2 entradas ( una por pasillo y otra al frente mas el garaje)  tiene una habitacion al frente, el garaje cubierto, una sala DE 7X4MTS  un patio cubierto con policarbonato,  1 bao y 2 habitaciones, cocina comedor completa, y en PAlta 1 habitacion con placard  con un bao y lavadero y la terraza de 100mts; gran patio descubierto de 10x7mts y jardin al fondo parquizado y arbolado con quincho  .Publicado por Palomba Propiedades a traves INMOMAP";370000.0
25193;sell;house;Boedo;-34.6314763;-58.4165521;POINT (-58.4165521 -34.6314763);450000.0;USD;7940025.0;450000.0;380.0;285.0;1184.2105263157896;1578.947368421053;;5.0;;"Casa 7ambientes sobre lote propio de 8,66x32mts  apto para construir 11pisos la casa consta de; Local en planta baja de 100mts con oficina y bao; Zotano de 50mts, Ph de 3 ambientes con entrada independiente y patio, 1er piso de 5 ambientes con entrada independiente, balcon y patio, 4 dormitorios, 3 baos, Gran living al frente de 9x5mts  con balcon corrido, cocina comedor de 6x4mts, patio con quincho y parrilla, PAlta dormitorio con bao en suite y lavadero y terraza de 150mts cuadrados Oportunidad para renta o para construir  .Publicado por Palomba Propiedades a traves INMOMAP";450000.0
25562;sell;house;Boedo;;;POINT (nan nan);455300.0;USD;8033540.85;455300.0;30.0;30.0;15176.666666666664;15176.666666666664;;1.0;;"DEPA EN  cuotitas desde $ 6.000- EN PESOS1AMBIENTE FINANCIADO EN VARIOS AOSEN EL CORAZON DE BOEDOGRAN PRE LANZAMIENTO UNIDADES PRE-VENTA  DEPTO TODO FINANCIADO PARA INVERTIRESTA ES LA FORMA DE TENER TU DEPANUEVO PROYECTO SIN  REQUISITOS EN  CUOTAS DESDE $ 6.000.-Consulta otros planes  TODO EN CUOTASUnico proyecto con financiacion 100% Y EN PESOSPRE VENTA DE POZOEl barrio de Boedo limita al Norte con Almagro; al Este con San Cristobal y Parque Patricios; al Sur Nueva Pompeya y al Oeste con Pque. Chacabuco y Caballito.El edificio est ubicado a 80 mts de Av. Independencia,  a 220 mts de Av. San Juan; zona comercial y turstico, proximo a  Supermercados, prximo a la tradicional esquina conocida como ""Esquina Homero Manzi"", al caf ?Trianon?, la plaza Mariano Boedo, corazn de los primeros teatros independientes, cercano a Bancos, Colegios, con numerosos medios de transporte como ser el subte ""E"" estacin Boedo, numerosas lneas de transporte.Proximo Centro-Subte-Plaza-Colegios-TeatrosLaundry ? Sum ? Solarium ? Parrilla ? PISCINALas inversiones en ladrillos son de las ms buscadas en tiempos de inflacin y  tradicional fuente de ahorro y medio para invertir. Comprar una propiedad asegura conservar y aumentar el valor del dinero, al mismo tiempo de ofrecer un respaldo real.Consultanos:Te:    15       15  .Publicado por Departamentos Financiados a traves INMOMAP";455300.0
25563;sell;house;Boedo;;;POINT (nan nan);435600.0;USD;7685944.2;435600.0;30.0;30.0;14520.0;14520.0;;1.0;;"DEPA EN  cuotitas desde $ 6.000- EN PESOS1AMBIENTE FINANCIADO EN VARIOS AOSEN EL CORAZON DE BOEDOGRAN PRE LANZAMIENTO UNIDADES PRE-VENTA  DEPTO TODO FINANCIADO PARA INVERTIRESTA ES LA FORMA DE TENER TU DEPANUEVO PROYECTO SIN  REQUISITOS EN  CUOTAS DESDE $ 6.000.-Consulta otros planes  TODO EN CUOTASUnico proyecto con financiacion 100% Y EN PESOSPRE VENTA DE POZOEl barrio de Boedo limita al Norte con Almagro; al Este con San Cristobal y Parque Patricios; al Sur Nueva Pompeya y al Oeste con Pque. Chacabuco y Caballito.El edificio est ubicado a 80 mts de Av. Independencia,  a 220 mts de Av. San Juan; zona comercial y turstico, proximo a  Supermercados, prximo a la tradicional esquina conocida como ""Esquina Homero Manzi"", al caf ?Trianon?, la plaza Mariano Boedo, corazn de los primeros teatros independientes, cercano a Bancos, Colegios, con numerosos medios de transporte como ser el subte ""E"" estacin Boedo, numerosas lneas de transporte.Proximo Centro-Subte-Plaza-Colegios-TeatrosLaundry ? Sum ? Solarium ? Parrilla ? PISCINALas inversiones en ladrillos son de las ms buscadas en tiempos de inflacin y  tradicional fuente de ahorro y medio para invertir. Comprar una propiedad asegura conservar y aumentar el valor del dinero, al mismo tiempo de ofrecer un respaldo real.Consultanos:Te:    15       15  .Publicado por Departamentos Financiados a traves INMOMAP";435600.0
25564;sell;house;Boedo;;;POINT (nan nan);422800.0;USD;7460094.6;422800.0;30.0;30.0;14093.333333333336;14093.333333333336;;1.0;;"DEPA EN  cuotitas desde $ 6.000- EN PESOS1AMBIENTE FINANCIADO EN VARIOS AOSEN EL CORAZON DE BOEDOGRAN PRE LANZAMIENTO UNIDADES PRE-VENTA  DEPTO TODO FINANCIADO PARA INVERTIRESTA ES LA FORMA DE TENER TU DEPANUEVO PROYECTO SIN  REQUISITOS EN  CUOTAS DESDE $ 6.000.-Consulta otros planes  TODO EN CUOTASUnico proyecto con financiacion 100% Y EN PESOSPRE VENTA DE POZOEl barrio de Boedo limita al Norte con Almagro; al Este con San Cristobal y Parque Patricios; al Sur Nueva Pompeya y al Oeste con Pque. Chacabuco y Caballito.El edificio est ubicado a 80 mts de Av. Independencia,  a 220 mts de Av. San Juan; zona comercial y turstico, proximo a  Supermercados, prximo a la tradicional esquina conocida como ""Esquina Homero Manzi"", al caf ?Trianon?, la plaza Mariano Boedo, corazn de los primeros teatros independientes, cercano a Bancos, Colegios, con numerosos medios de transporte como ser el subte ""E"" estacin Boedo, numerosas lneas de transporte.Proximo Centro-Subte-Plaza-Colegios-TeatrosLaundry ? Sum ? Solarium ? Parrilla ? PISCINALas inversiones en ladrillos son de las ms buscadas en tiempos de inflacin y  tradicional fuente de ahorro y medio para invertir. Comprar una propiedad asegura conservar y aumentar el valor del dinero, al mismo tiempo de ofrecer un respaldo real.Consultanos:Te:    15       15  .Publicado por Departamentos Financiados a traves INMOMAP";422800.0
25571;sell;house;Boedo;;;POINT (nan nan);455900.0;USD;8044127.55;455900.0;30.0;30.0;15196.666666666664;15196.666666666664;;1.0;;"DEPA EN 96 cuotas $ 6.000- EN PESOSCon anticipo pequeo anticipoAMBIENTES FINANCIADOS EN 8 AOSEN EL CORAZON DE BOEDOBoedo e IndependenciaGRAN PRE LANZAMIENTO UNIDADES PRE-VENTA  DEPTO TODO FINANCIADO PARA INVERTIRESTA ES LA FORMA DE TENER TU DEPANUEVO PROYECTO SIN  REQUISITOS EN  CUOTAS DESDE $ 6.000.-Consulta otros planes con cuotas de $ 6.500.-Y otros en 48 cuotas de $ 7.200.-TODO EN CUOTASUnico proyecto con financiacion 100% Y EN PESOSPRE VENTA DE POZOEl barrio de Boedo limita al Norte con Almagro; al Este con San Cristobal y Parque Patricios; al Sur Nueva Pompeya y al Oeste con Pque. Chacabuco y Caballito.El edificio est ubicado a 80 mts de Av. Independencia,  a 220 mts de Av. San Juan; zona comercial y turstico, proximo a  Supermercados, prximo a la tradicional esquina conocida como ""Esquina Homero Manzi"", al caf ?Trianon?, la plaza Mariano Boedo, corazn de los primeros teatros independientes, cercano a Bancos, Colegios, con numerosos medios de transporte como ser el subte ""E"" estacin Boedo, numerosas lneas de transporte.Proximo Centro-Subte-Plaza-Colegios-TeatrosLaundry ? Sum ? Solarium ? Parrilla ? PISCINALas inversiones en ladrillos son de las ms buscadas en tiempos de inflacin y  tradicional fuente de ahorro y medio para invertir. Comprar una propiedad asegura conservar y aumentar el valor del dinero, al mismo tiempo de ofrecer un respaldo real.Consultanos:Te:    15      15 Mail: ; .Publicado por Departamentos Financiados a traves INMOMAP";455900.0
26187;sell;house;Boedo;;;POINT (nan nan);37000.0;USD;652846.5;37000.0;30.0;30.0;1233.3333333333333;1233.3333333333333;;1.0;;"avb672- Depto Capital $ 542.800-Deptos a estrenar de pozo Edificio con PiscinaDEPA TODO DESDE  u$s 36.800.-SOLO PARA INVERSORESEN EL CORAZON DE BOEDOGRAN PRE LANZAMIENTO UNIDADES PRE-VENTA  DEPTO  PARA INVERTIRESTA ES LA FORMA DE TENER TU DEPANUEVO PROYECTOConsulta otros planes en 48 cuotas En Pesos en cuotas de $ 7.500.-PRE VENTA DE POZOEl barrio de Boedo limita al Norte con Almagro; al Este con San Cristobal y Parque Patricios; al Sur Nueva Pompeya y al Oeste con Pque. Chacabuco y Caballito.El edificio est ubicado a 80 mts de Av. Independencia,  a 220 mts de Av. San Juan; zona comercial y turstico, proximo a  Supermercados, prximo a la tradicional esquina conocida como ""Esquina Homero Manzi"", al caf ?Trianon?, la plaza Mariano Boedo, corazn de los primeros teatros independientes, cercano a Bancos, Colegios, con numerosos medios de transporte como ser el subte ""E"" estacin Boedo, numerosas lneas de transporte.Proximo Centro-Subte-Plaza-Colegios-TeatrosLaundry ? Sum ? Solarium ? Parrilla ? PISCINAConsultanos:Te:    15      15 Mail: Pag:  http:// .Publicado por Emprendimientos Financiados a traves INMOMAP";37000.0
26391;sell;house;Boedo;;;POINT (nan nan);40000.0;USD;705780.0;40000.0;30.0;30.0;1333.3333333333333;1333.3333333333333;;1.0;;"avb891- Desarrollo inmobiliario por u$s 40.010-Deptos a estrenar de pozo Edificio con PiscinaDEPA TODO DESDE  u$s 40.000.-SOLO PARA INVERSORESEN EL CORAZON DE BOEDOGRAN PRE LANZAMIENTO UNIDADES PRE-VENTA  DEPTO  PARA INVERTIRESTA ES LA FORMA DE TENER TU DEPANUEVO PROYECTOConsulta otros planes en 48 cuotas En Pesos en cuotas de $ 7.500.-PRE VENTA DE POZOEl barrio de Boedo limita al Norte con Almagro; al Este con San Cristobal y Parque Patricios; al Sur Nueva Pompeya y al Oeste con Pque. Chacabuco y Caballito.El edificio est ubicado a 80 mts de Av. Independencia,  a 220 mts de Av. San Juan; zona comercial y turstico, proximo a  Supermercados, prximo a la tradicional esquina conocida como ""Esquina Homero Manzi"", al caf ?Trianon?, la plaza Mariano Boedo, corazn de los primeros teatros independientes, cercano a Bancos, Colegios, con numerosos medios de transporte como ser el subte ""E"" estacin Boedo, numerosas lneas de transporte.Proximo Centro-Subte-Plaza-Colegios-TeatrosLaundry ? Sum ? Solarium ? Parrilla ? PISCINAConsultanos:Te:    15      15 Mail: Pag:  http:// .Publicado por Desarrollos Financiados a traves INMOMAP";40000.0
26555;sell;house;Boedo;-34.6222039;-58.416089;POINT (-58.416089 -34.6222039);789800.0;USD;13935626.1;789800.0;38.0;38.0;20784.21052631579;20784.21052631579;;1.0;;Si tenes entre $ 6.000 a $ 10.000- x mes ? TENES TU DEPADEPARTAMENTOS DE 1 ambiente y 1 ambiente y medio totalmente divisibleEDIFICIOS CON LUZ, PISCINA, PROXIMO SUBTES Y PLAZAEN ZONA CENTRICA DE CABAVENTA DIRECTA EN PESOSPRECIO ESPECIAL PARA INVERSORES DESDE $ 599.000.- totalSOLO CON TU DNI ? SIN REQUISITOSPRE VENTA DE POZOTE DAMOS LA POSIBLIDAD DE ELEGIR TU PLAN  PARA MAS INFORMACIN  SOLICITAR ENTREVISTA O COMUNICARSE A  15 51829565 o  15 Mail:  Pagina:  http:// .Publicado por Desarrollos Financiados a traves INMOMAP;789800.0
26591;sell;house;Boedo;-34.6209899;-58.41654670000001;POINT (-58.41654670000001 -34.6209899);55000.0;USD;970447.5;55000.0;31.0;31.0;1774.1935483870968;1774.1935483870968;;1.0;;"Deptos a estrenar de pozo Edificio con PiscinaDepartamento con terraza propiaDEPA TODO DESDE  u$s 55.000.-SOLO PARA INVERSORESEN EL CORAZON DE BOEDOGRAN PRE LANZAMIENTO UNIDADES PRE-VENTA  DEPTO  PARA INVERTIRESTA ES LA FORMA DE TENER TU DEPANUEVO PROYECTOConsulta otros planes en 48 cuotas En Pesos en cuotas de $ 9.300.-PRE VENTA DE POZOEl barrio de Boedo limita al Norte con Almagro; al Este con San Cristobal y Parque Patricios; al Sur Nueva Pompeya y al Oeste con Pque. Chacabuco y Caballito.El edificio est ubicado a 80 mts de Av. Independencia,  a 220 mts de Av. San Juan; zona comercial y turstico, proximo a  Supermercados, prximo a la tradicional esquina conocida como ""Esquina Homero Manzi"", al caf ?Trianon?, la plaza Mariano Boedo, corazn de los primeros teatros independientes, cercano a Bancos, Colegios, con numerosos medios de transporte como ser el subte ""E"" estacin Boedo, numerosas lneas de transporte.Proximo Centro-Subte-Plaza-Colegios-TeatrosLaundry ? Sum ? Solarium ? Parrilla ? PISCINAConsultanos:Te:    15      15 Mail: Pag:  http:// .Publicado por Desarrollos Financiados a traves INMOMAP";55000.0
26599;sell;house;Boedo;-34.6222039;-58.416089;POINT (-58.416089 -34.6222039);789800.0;USD;13935626.1;789800.0;38.0;38.0;20784.21052631579;20784.21052631579;;1.0;;Si tenes entre $ 6.000 a $ 10.000- x mes ? TENES TU DEPADEPARTAMENTOS DE 1 ambiente y 1 ambiente y medio totalmente divisibleEDIFICIOS CON LUZ, PISCINA, PROXIMO SUBTES Y PLAZAEN ZONA CENTRICA DE CABAVENTA DIRECTA EN PESOSPRECIO ESPECIAL PARA INVERSORES DESDE $ 599.000.- totalSOLO CON TU DNI ? SIN REQUISITOSPRE VENTA DE POZOTE DAMOS LA POSIBLIDAD DE ELEGIR TU PLAN  PARA MAS INFORMACI?N  SOLICITAR ENTREVISTA O COMUNICARSE A  15 51829565 o  15 Mail:  Pagina:  http:// .Publicado por Desarrollos Financiados a traves INMOMAP;789800.0
26612;sell;house;Boedo;-34.6209899;-58.41654670000001;POINT (-58.41654670000001 -34.6209899);55000.0;USD;970447.5;55000.0;31.0;31.0;1774.1935483870968;1774.1935483870968;;1.0;;"Deptos a estrenar de pozo Edificio con PiscinaDepartamento con terraza propiaDEPA TODO DESDE  u$s 55.000.-SOLO PARA INVERSORESEN EL CORAZON DE BOEDOGRAN PRE LANZAMIENTO UNIDADES PRE-VENTA  DEPTO  PARA INVERTIRESTA ES LA FORMA DE TENER TU DEPANUEVO PROYECTOConsulta otros planes en 48 cuotas En Pesos en cuotas de $ 9.300.-PRE VENTA DE POZOEl barrio de Boedo limita al Norte con Almagro; al Este con San Cristobal y Parque Patricios; al Sur Nueva Pompeya y al Oeste con Pque. Chacabuco y Caballito.El edificio est? ubicado a 80 mts de Av. Independencia,  a 220 mts de Av. San Juan; zona comercial y tur?stico, proximo a  Supermercados, pr?ximo a la tradicional esquina conocida como ""Esquina Homero Manzi"", al caf? ?Trianon?, la plaza Mariano Boedo, coraz?n de los primeros teatros independientes, cercano a Bancos, Colegios, con numerosos medios de transporte como ser el subte ""E"" estaci?n Boedo, numerosas l?neas de transporte.Proximo Centro-Subte-Plaza-Colegios-TeatrosLaundry ? Sum ? Solarium ? Parrilla ? PISCINAConsultanos:Te:    15      15 Mail: Pag:  http:// .Publicado por Desarrollos Financiados a traves INMOMAP";55000.0
26634;sell;house;Boedo;-34.6209899;-58.41654670000001;POINT (-58.41654670000001 -34.6209899);55000.0;USD;970447.5;55000.0;31.0;31.0;1774.1935483870968;1774.1935483870968;;1.0;;"Deptos a estrenar de pozo Edificio con PiscinaDepartamento con terraza propiaDEPA TODO DESDE  u$s 55.000.-SOLO PARA INVERSORESEN EL CORAZON DE BOEDOGRAN PRE LANZAMIENTO UNIDADES PRE-VENTA  DEPTO  PARA INVERTIRESTA ES LA FORMA DE TENER TU DEPANUEVO PROYECTOConsulta otros planes en 48 cuotas En Pesos en cuotas de $ 9.300.-PRE VENTA DE POZOEl barrio de Boedo limita al Norte con Almagro; al Este con San Cristobal y Parque Patricios; al Sur Nueva Pompeya y al Oeste con Pque. Chacabuco y Caballito.El edificio est? ubicado a 80 mts de Av. Independencia,  a 220 mts de Av. San Juan; zona comercial y tur?stico, proximo a  Supermercados, pr?ximo a la tradicional esquina conocida como ""Esquina Homero Manzi"", al caf? ?Trianon?, la plaza Mariano Boedo, coraz?n de los primeros teatros independientes, cercano a Bancos, Colegios, con numerosos medios de transporte como ser el subte ""E"" estaci?n Boedo, numerosas l?neas de transporte.Proximo Centro-Subte-Plaza-Colegios-TeatrosLaundry ? Sum ? Solarium ? Parrilla ? PISCINAConsultanos:Te:    15      15 Mail: Pag:  http:// .Publicado por Desarrollos Financiados a traves INMOMAP";55000.0
26702;sell;house;Boedo;-34.623965000000005;-58.4162375;POINT (-58.4162375 -34.62396500000001);590900.0;USD;10426135.05;590900.0;33.0;33.0;17906.060606060608;17906.060606060608;;1.0;;"1AMBIENTE  CON TERRAZA PROPIAFINANCIADO EN VARIOS AOSEN EL CORAZON DE BOEDODEPA Anticipo financiado en 10 cuotitasy  cuotitas desde $ 9.300- EN PESOS1 ambiente con terraza propiaUNIDADES PRE-VENTA  DE POZOESTA ES LA FORMA DE TENER TU DEPANUEVO PROYECTO SIN  REQUISITOS EN  CUOTAS DESDE $ 9.300.-Consulta otros planes El barrio de Boedo limita al Norte con Almagro; al Este con San Cristobal y Parque Patricios; al Sur Nueva Pompeya y al Oeste con Pque. Chacabuco y Caballito.El edificio est ubicado a 80 mts de Av. Independencia,  a 220 mts de Av. San Juan; zona comercial y turstico, proximo a  Supermercados, prximo a la tradicional esquina conocida como ""Esquina Homero Manzi"", al caf ?Trianon?, la plaza Mariano Boedo, corazn de los primeros teatros independientes, cercano a Bancos, Colegios, con numerosos medios de transporte como ser el subte ""E"" estacin Boedo, numerosas lneas de transporte.Proximo Centro-Subte-Plaza-Colegios-TeatrosLaundry ? Sum ? Solarium ? Parrilla ? PISCINAConsultanos:Te:        15       15 Mail: ;Pag:   www.http:// .Publicado por Desarrollos Financiados a traves INMOMAP";590900.0
26704;sell;house;Boedo;-34.6222039;-58.416089;POINT (-58.416089 -34.6222039);590800.0;USD;10424370.6;590800.0;33.0;33.0;17903.030303030304;17903.030303030304;;1.0;;Departamento  1 ambiente divisible Depto en CUOTITAS DESDE $  9.300 Y anticipo tambien financiadoDEPARTAMENTOS FINANCIADOS EN PESOSCONTAMOS CON VARIOS EDIFICIOSTODOS CON FINANCIACIONAnticipo financiado y  CUOTITAS DESDE $ 9.300- 1 AMBIENTE  Y   1 AMBIENTE Y MEDIO DIVISIBLESOBRE AVENIDA ? PXMO CENTROEMPRESA CONSTRUCTORA VENDE EN FORMADIRECTA, SIN INTERMEDIARIOS AMBIENTES FINANCIADOS EN VARIOS AOSULTIMAS UNIDADES PRE-VENTA  DEPTO TODO FINANCIADO PARA INVERTIRESTA ES LA FORMA DE TENER TU DEPANUEVO PROYECTO SIN  REQUISITOS EN  CUOTAS DESDE $  9.300.-Anticipate y Reserva hoy tu unidadCon exclusivos beneficiosEXCLUSIVA PRE VENTA DE POZOLaundry ? Sum ? SolariumSauna ? Parrilla ? JacuzziTENEMOS OTROS EDIFICIOSConsultanos:Mail: Pagina:  http://    15     15  .Publicado por Desarrollos Financiados a traves INMOMAP;590800.0
26844;sell;house;Boedo;-34.634303700000004;-58.41784770000001;POINT (-58.41784770000001 -34.6343037);320000.0;USD;5646240.0;320000.0;290.0;260.0;1103.4482758620688;1230.7692307692307;;5.0;;"Casa 6 ambientes Muy buen estado Garaje pasante para 2 autos con porton levadizo automatico; patio en planta baja cubierto con techo corredizo de vidrio, cocina con comedor diario, bao completo con doble entrada, dormitorio con placard y comunicacion al bao, comedor de 4,5x4,5mts en desnivel con living, pisos de escalla de marmol de 5x4,5mts, de ahi sale escalera de material cubierta de escalla de marmol que nos lleva al 1er Piso donde encontramos 2 dormitorios de 4,5x4,3mts y otro de 5,5x4mts bao completo, habitacion de 3,3x2,4mts; quincho con parrilla cubierto con techo de madera, terraza de 6x3mts y 2do piso terraza de 35mts con ladadero cubierto y parrilla; Casa ideal para familia de 4 a 7 personas con comodidad, detalles de categoria, Casa Segura rejas en todas las aberturas, distribucion moderna y compacta. Muy buena ubicacion a 1c Av Boedo y 200mts Av. Garay ********************************SE TOMAN INMUEBLES EN PARTE DE PAGO HASTA 50% DEL VALOR*********************************************** .Publicado por Palomba Propiedades a traves INMOMAP";320000.0
26980;sell;house;Boedo;-34.6292035;-58.4118558;POINT (-58.4118558 -34.6292035);249000.0;USD;4393480.5;249000.0;230.0;136.0;1082.608695652174;1830.8823529411768;;5.0;;Casa 5 ambientes muy comoda y excelente distribucion muy funcional, cocina comedor al frente comunicado con una arcada con el living amplio que tambien da a la calle, bao al lado, patio cubierto con techo de fibra de vidrio, habitacion principal de 4x4,5mts con placard, otra de 3,5x3mts atras habitacion con lugar para vestidor, segundo bao completo, luego subiendo una escalera interna sale a otra habitacion de 4x3mts, y lavadero cubierto,, y terraza de 13x7mts excelente ubicacion a mts de Av Pavon y 3cuadras de Av San Juan Muy linda casa compacta y funcional .Publicado por Palomba Propiedades a traves INMOMAP;249000.0
27241;sell;house;Boedo;-34.635736;-58.418655;POINT (-58.418655 -34.635736);330000.0;USD;5822685.0;330000.0;;270.0;;1222.2222222222224;;6.0;;Corredor Responsable: Luis Roman Garcia - C.U.C.I.C.B.A 4040Contacto: Ester Tawil - MLS ID # 420111018-263Casa en lote propio de 8,66 m x 40 m.  Son 2 plantas:  - La planta baja es de 180 mts cubiertos.  - La planta alta es de 90 mts - para reciclar - y con posibilidad de construir.  La planta baja en excelente estado y los ambientes muy luminosos. Las cloacales y pluviales son de PVC preparado para la segunda planta al igual que las columnas y los encadenados. Consta con recepción de 3 x 3 mts.  - Cochera de 2,75 m x 5,40 m - Dormitorio de 4 m x 3,75 m con vestidor de 2 m x 1,80 m - Cocina con lavadero incorporado de 7,15 m x 1,60 m - Baño compartimentado de 3 m x 1,50 m - Comedor de 5,80 m x 2,70 m con vista al patio y jardin - Living con hogar de 7 m x 4,40 m con vista al jardin - Segundo dormitorio de 4 m x 4,50 m - Hermoso jardin arbolado y muy cuidado de 20 m x 8,66 m - Patio con parrilla de 6 m x 3 m - Planta alta con dos ambientes para reciclar y seguir construyendo. - Todos los ambientes son muy luminosos !.  No tiene expensas.  ABL $ 700 - Aysa $ 540 -  Llamame y coordinamos la visita !;330000.0
35735;sell;house;Boedo;-34.6372914;-58.4154267;POINT (-58.4154267 -34.6372914);350000.0;USD;6175575.0;350000.0;180.0;148.0;1944.4444444444448;2364.864864864865;;;;Superficie total: 180 mtrs.Superficie cubierta: 148 mtrs. - 4 Dormitorios- 2 Baños- Cocina- Comedor- Estudio- Living- Patio con parrilla y horno.- Playroom- Lavadero independiente. Calefacción central, 4 aires acondicionados. APTO CREDITO.Se deja constancia que las medidas (tanto totales como parciales), superficies, m2 y proporciones indicadas en el presente son aproximadas y sujetas a verificación, variación y/o ajuste. Las expensas pueden sufrir variaciones.BIENVENDE AMELIA CLAROBIENVENDE AMELIA CLAROAv. Federico Lacroze 23554778-;350000.0
47216;sell;house;Boedo;-34.631072;-58.41965;POINT (-58.41965 -34.631072);495000.0;USD;8734027.5;495000.0;;239.0;;2071.1297071129707;;7.0;;Corredor Responsable: Hernan Perrone - C.U.C.I.C.B.A 2792Contacto: Mirtha Alvarado Casanova - MLS ID # 151098-68EXCELENTE CASA UBICADA EN EL BARRIO DE BOEDO, MAGNÍFICA PROPIEDAD 9 AÑOS DE RESTAURADA CON DETALLES DE CATEGORIA  CONSERVANDO LA DISTRIBUCIÓN Y FUNCIONALIDAD MODERNA ACTUAL. SOBRE UN LOTE PROPIO DE 9,60 DE FRENTE X 18 DE FONDO CON UNA SUPERFICIE DE TERRENO TOTAL DE 169 M2.  CUBIERTOS 208 M2. SEMICUBIERTO PATIO CON CERRAMIENTO DE 30,87 M2. DESCUBIERTO TERRAZA 119,70 M2.  SUPERFICIE TOTAL  DE 358,57 M2. DISTRIBUIDA EN DOS PLANTAS. EN PLANTA BAJA  HALL DE ENTRADA CON MARMOL  Y TRABAJO DE YESERÍA, ABERTURAS EN GUASERI DE MADERA MACIZA, PUERTAS CON VIDRIOS REPARTIDOS BISELADOS. GALERÍA  DE DISTRIBUCIÓN CON PISO CALCÁREO, UNA PARED REVESTIDA EN UN ARTÍSTICO VITRAUX. EXCRITORIO, LIVING COMEDOR, SALA DE ESTAR COMUNICADA AL LIVING,  ESTAR O DORMITORIO, COCINA COMEDOR COMPLETAMENTE EQUIPADA CON MUY BUEN GUSTO, MESADA DE MARMOL, MUEBLE BAJO MESADA Y ALACENA, DOBLE BACHA DE ACERO INOXIDABLE, CAMPANA EXTRACTOR TAMBIEN EN ACERO INOXIDABLE. AMPLIO COMEDOR DIARIO. IMPORTANTE PATIO CON CERRAMIENTODE POLICABONATO REVATIBLE, TOILETTE DE SERVICIO, 2° BAÑO, LAVADERO CUBIERTO. SUBIENDO EN EL DESCANSO UN DORMITORIO, EN PRIMER PISO DORMITORIO PRINCIPAL CON PLACARD DE PISO A TECHO CON PUERTAS ESPEJADAS ARTUCULA CON LA TERRAZA. SEGUNDO DORMITORIO VENTILA A UN PEQUEÑO PATIO, PLACARD SUPERPUESTO, PISOS ENTABLONADOS Y PLASTIFICADOS, HALL DE DISTRIBUCIÓN, BAÑO PRINCIPAL COMPARTIMENTADO CON MAMPARA Y VENTILACIÓN, UN PEQUEÑO PATIO AL COSTADO DEL DORMITORIO PRINCIPAL. TERRAZA DE 119,70 M2 CON  PLANTAS AMBIENTADO CON PLANTAS.  LA CASA CUENTA CON 5 AIRES ACONDICIONADOS Y 4 ESTUFAS TIRO BALANCEADOS, UNA CATALÍTICA Y UN HOGAR EN LA GALERIA DE ENTRADA. AGUA CALIENTE POR TERMO TANQUE. PISOS DE PINOTEAS PLASTIFICADOS.  MUCHA LUZ, SOL Y AIREADA. FORMIDABLE RELACIÓN PRECIO / M2. / UBICACIÓN / FUNCIONALIDAD / ANTIGÜEDAD. UNA GRANDIOSA Y CONFORTABLE CASA PARA MUDARSE INMEDIATAMENTE Y DISFRUTARLA  A FULL. IMPORTANTES DETALLES DE  CATEGORÍA. IMPACTANTE CASA PRIVILEGIADA. EXCELENTE UBICACION, MEDIOS DE TRANSPORTES EN COLECTIVOS: 4, 8, 23, 53, 56, 75, 86, 88, 91, 96, 97, 115, 127, 128, 134, 160, 165, 181, 195. ÁREA HOSPITALARIA: HTAL. DR. C.G. DURAND. COMISARIA 10. A DOS CUADRAS DE LA AV. BOEDO.  TITULO  PERFECTO LISTO PARA ESCRITURAR. ;495000.0
47937;sell;house;Boedo;-34.6344635;-58.4210676;POINT (-58.4210676 -34.6344635);253000.0;USD;4464058.5;253000.0;130.0;98.0;1946.1538461538464;2581.632653061225;;;;Duplex de 130 m2, 15 años de antigueda, en 3 lantas con cochera, patio y terraza en Boedo Aviso publicado por Pixel Inmobiliario (Servicio de Páginas Web para Inmobiliarias).;253000.0
51446;sell;house;Boedo;-34.6330564;-58.4145004;POINT (-58.4145004 -34.6330564);650000.0;USD;11468925.0;650000.0;500.0;350.0;1300.0;1857.142857142857;;6.0;;Venta de Casa 6 AMBIENTES en Boedo, Capital Federal.Excelente propiedad de 500m2 propios (350 cubiertos y 150 descubiertos) sobre lote propio, con garage y gran jardin de fondo. Cuenta con 4 dormitorios (1 de ellos una mastersuite con balcon, baño compartimentado e hidromasaje), el resto tambien con balcones tanto al frente como al contrafrente del inmueble y todos con generosas medidas.  Amplia recepcion, living y comedor de amplio tamaño y con acceso al jardin/parque. En la ultima planta, la propiedad cuenta con la dependencia de servicio, el lavadero, un hermoso quincho con parrilla y la terraza en L, de gran medida. El estado general de la casa es muy bueno, con detalles de categoria. Digna de visitarse y con posibilidad de ocupacion inmediata! ACEPTA PERMUTA DE MENOR VALOR. LOTE: 8.66 X 27.83Se deja constancia que las medidas, superficies y m2 consignados son aproximados, sujetos a verificación y/o ajuste. El precio del inmueble puede ser modificado sin previo aviso. Fotos de carácter no contractual. GOLDSTEIN PROPIEDADES SRL Avda. Corrientes 4666 Buenos Aires, Argentina -  - GOLDSTEIN PROPIEDADES SRL;650000.0
55048;sell;house;Boedo;-34.6323818;-58.4245056;POINT (-58.4245056 -34.6323818);390000.0;USD;6881355.0;390000.0;214.0;209.0;1822.429906542056;1866.0287081339718;;;;Propiedad ubicada en Boedo con terreno propio de 26 m X 8.22 m,  con una superficie resultante de 213.63 m2, sobre la avenida Juan de Garay,  entre  Av la Plata y calle Muniz. La misma tiene una superficie construida total de 209 m2 con planos aprobados. Esta compuesta por Living comedor al frente y entrada de garaje para 1 auto.  Posee a continuacion un toilette de recepcion y cuatro dormitorios,  3 a continuacion del living comedor y 1 a continuacion del garaje. Todos los dormitorios dan a un patio central semicubierto.  En el fondo de la propiedad encontramos un comedor diario que tambien da al patio semicubierto mencionado y que posee un banio completo.  Sigue cocina hacia el fondo y otro patio lindante con el comedor diario hacia la derecha.  En el mismo encontramos un pequenio lavadero y escalera que conduce a la planta superior.  En dicha planta encontramos una terraza transitable,  un espacio para lavadero o baulera, otro banio tipo toilette, quincho con parrilla y balcon.El inmueble tiene agua caliente por termotanque y calefon y calefaccion por picos de gas. La ubicacion es muy buena por encontrarse en la interseccion de 2 avenidas con boca de subte a cuatro cuadras. Aun asi es una zona tranquila con caracteristicas barrialesMatriculado:Marcelo GhioCPI 270Cel. 15-;390000.0
55281;sell;house;Boedo;-34.629907200000005;-58.4148216;POINT (-58.4148216 -34.62990720000001);385000.0;USD;6793132.5;385000.0;268.0;268.0;1436.5671641791046;1436.5671641791046;;;;"Edificación de 2 plantas; con local/garage o taller en planta baja de 7,50 metros por 13 metros de fondo (planta libre) con acceso mediante cortina metálica, baño completo, 2 ambientes, patio y pequeño quincho con baño. En planta alta, con acceso independiente desde la calle y por escalera, se accede a 2 privados al frente con salida a balcón corrido, baño gerencial, office, recepción, patio interno semi-techado, y 2 privados sobre los fondos con ventanas al patio de la planta baja y otro baño. En la terraza hay un lavadero cubierto y un baño más.Se adjuntan planos con medidas de los ambientes. La unidad está en muy buen estado, tiene servicio de agua caliente por termotanque y equipos de climatización frío-calor en todos los privados. Pisos de parquet, aberturas de aluminio, divisiones en vidrio, luminarias empotradas. En planta baja el piso es granítico, con importante altura a techo.Está presentada como oficinas administrativas en la planta alta, y estudio de filmación/grabación en la planta baja. Se puede adaptar a vivienda.";385000.0
55681;sell;house;Boedo;-34.6342104;-58.41926529999999;POINT (-58.41926529999999 -34.6342104);290000.0;USD;5116905.0;290000.0;;;;;;;;CODIGO: 512-1771 ubicado en: CASTRO 1784 -  Publicado por: CLASS PROPIEDADES. El precio es de USD 290000 null. MUY BUENA CASA EN DOS PLANTAS CON GARAGE 4 DORMITORIOS 2 BAÑOS Y DEPENDENCIA DE SERVICIO - AL FONDO DEPARTAM,ENTO DE DOS AMBIENTES-- TODO CON AMPLIAS MEDIDAS - LOS BAÑOS Y COCINAS EN BUEN ESTADO - MUY BUENA LUMINOSIDAD - EN LA PLANTA ALTA ESCRITORIO CON KICHINET - AL FRENTE BALCON CORRIDO - PATIO EN PLANTA BAJA Y EN PLANTA ALTA - TERRAZA DE 90 M2 - LOTE PROPIO DE 8,45 x 17 - SUPERFICIE CUBIERTA 250 M2 - DESCUBIERTA 140 M2 --- POR CONSULTAS Y VISITAS LLAMAR AL  -  class. . Publicado a través de Mapaprop;290000.0
57976;sell;house;Boedo;-34.6332063;-58.420536;POINT (-58.420536 -34.6332063);265000.0;USD;4675792.5;265000.0;140.0;140.0;1892.857142857143;1892.857142857143;;;;CASA EN VENTA EN LA MEJOR ZONA DE BOEDO, MULTIFAMILIAR, EN PLANTA BAJA HAY UNA CASA DE DOS DORMITORIOS CON COCHERA, PATIO Y PARRILLA, EN PLANTA ALTA HAY UN DEPARTAMENTO DE DOS DORMITORIOS CON PATIO. ;265000.0
63520;sell;house;Boedo;-34.608719;-58.389118;POINT (-58.389118 -34.608719);100000.0;USD;1764450.0;100000.0;;;;;;;;Casa en venta Montevideo y 27Dos dormitorios con placardCocina comedor con muebles bajo mesada.Living.Garaje cubiertoDos baños completosAPTA BANCOESCUCHA OFERTAS Aviso publicado por Pixel Inmobiliario (Servicio de Páginas Web para Inmobiliarias).;100000.0
105586;sell;house;Boedo;-34.6294606955;-58.420641094;POINT (-58.420641094 -34.6294606955);380000.0;USD;6704910.0;380000.0;238.0;200.0;1596.6386554621854;1900.0;;;;Esquina de Tarija y Quintino Bocayuva, a una distancia de 400 metros de Avenida La Plata y de la  Avenida Boedo y a una cuadra de Avenida Pavón.Adriana Gentile Propiedades le brinda a sus clientes la posibilidad de una financiación  del 50% de la propiedad y el resto hasta en 84 cuotas igual al 1.2% mensual.;380000.0
109266;sell;house;Boedo;-34.6230257053;-58.421940121400006;POINT (-58.42194012140001 -34.6230257053);450000.0;USD;7940025.0;450000.0;;;;;;;;Casa con Gas Natural en Estados Unidos 4000, Capital Federal, Boedo, por U$S 450.000;450000.0
111629;sell;house;Boedo;-34.634144;-58.42068;POINT (-58.42068 -34.634144);164900.0;USD;2909578.05;164900.0;;20.0;;8245.0;;6.0;;Corredor Responsable: Martin Macagno - CUCICBA 6267Contacto: Fernanda Calarota - MLS ID # 420561031-40CASA EN LOTE PROPIO, 6 AMBIENTES, COCINA, BAÑO , TERRAZA Y PATIO A RECICLAR APTO CREDITO;164900.0
113031;sell;house;Boedo;-34.62877720000001;-58.4124725;POINT (-58.4124725 -34.62877720000001);185000.0;USD;3264232.5;185000.0;130.0;130.0;1423.0769230769226;1423.0769230769226;;4.0;;BOEDO: EXCELENTE CASA LOTE PROPIO DE 4 AMBIENTESHALL DE RECEPCIÓN, AMPLIO LIVING-COMEDOR, TOILETTE CON DUCHA, 4 DORMITORIOS, BIBLIOTECA, 2 BAÑOS COMPLETOS UNO EN SUITE Y VESTIDOR, PISOS DE PINOTEA, AMPLIA COCINA EQUIPADA, LAVADERO.MAS INFOMARCELA MONTEGRANDEESTUDIO INMOBILIARIOCARLOS CALVO 3915 TEL: WhatsApp: 153- -  - MARCELA MONTEGRANDE PROPIEDADES;185000.0
119494;sell;house;Boedo;-34.6317302;-58.4191998;POINT (-58.4191998 -34.6317302);349000.0;USD;6157930.5;349000.0;280.0;240.0;1246.4285714285713;1454.166666666667;;;;CODIGO: 2883-884 ubicado en: Av Juan de Garay 3900 -  Publicado por: PALOMBA PROPIEDADES. El precio es de USD 349000 null. Casa de 7 ambientes, de estilo antiguo, reciclada con muy buen gusto manteniendo lo bueno del estilo antiguo  con baños y cocinas hechas enteramente nuevas detalles de gran categoria, Living de 8x4,5mts con piso de madera y hogar de marmol como gran distincion y protagonista, hall de entrada con vestibulo de estilo con molduras decorativas de yeso garaje con porton levadizo automatico, escritorio/dormitorio sobre garaje con balconcito al frente gran patio de 12x4mts con cerramiento corredizo de aluminio, cocina con arcada al patio de 4x2,8mts,  toilette al lado del living, dormitorio de 4,5x4mts con placard y baño en suite completo, dormitorio de 4,5x3,7mts con baño en suite ( o doble entrada)  y antebaño. Escritorio y/o dormitorio de 3,4x2,9mts.   Planta Alta: Dormitorio de 3x2,5mts  otro baño y habitacion de 3x2,8mts, terraza de 15x8mts, solo transitable 6x8mts ( se puede habilitar el resto con solo hacer una losa portante)  Muy buena casa de ambientes amplios , muy luminosa lista para entrar a vivir.  . Publicado a través de Mapaprop;349000.0
